﻿<parameters>
  <parameter name="IIS Web Application Name" defaultValue="Default Web Site/WebApplication2_deploy" tags="IisApp">
    <parameterEntry kind="ProviderPath" scope="IisApp" match="^C:\\Users\\kumaryx\\Documents\\Visual\ Studio\ 2010\\Projects\\WebApplication2\\WebApplication2\\obj\\Release\\Package\\PackageTmp$" />
    <parameterEntry kind="ProviderPath" scope="setAcl" match="^C:\\Users\\kumaryx\\Documents\\Visual\ Studio\ 2010\\Projects\\WebApplication2\\WebApplication2\\obj\\Release\\Package\\PackageTmp$" />
  </parameter>
  <parameter name="ContactService Service Endpoint Address" description="Specify the endpoint URL for the ContactService WCF &#xD;&#xA;                          service in the destination environment" defaultValue="http://localhost/ContactManagerService">
    <parameterEntry kind="XmlFile" scope="Web.config" match="/configuration/system.serviceModel/client&#xD;&#xA;                           /endpoint[@name='BasicHttpBinding_IContactService']&#xD;&#xA;                           /@address" />
  </parameter>
  <parameter name="ApplicationServices-Web.config Connection String" description="ApplicationServices Connection String used in web.config by the application to access the database." defaultValue="data source=.\SQLEXPRESS;Integrated Security=SSPI;AttachDBFilename=|DataDirectory|\aspnetdb.mdf;User Instance=true" tags="SqlConnectionString">
    <parameterEntry kind="XmlFile" scope="C:\\Users\\kumaryx\\Documents\\Visual\ Studio\ 2010\\Projects\\WebApplication2\\WebApplication2\\obj\\Release\\Package\\PackageTmp\\Web\.config$" match="/configuration/connectionStrings/add[@name='ApplicationServices']/@connectionString" />
  </parameter>
</parameters>